Gene,Mutation,Rename
EGFR,E709_T710delinsD,exon18
EGFR,E709A,exon18
EGFR,E709G,exon18
EGFR,G719A,exon18
EGFR,G719C,exon18
EGFR,G719S,exon18
EGFR,G724S,exon18
EGFR,L718Q,exon18
EGFR,A743_I744insIKIPVA,exon19
EGFR,D761_E762insEAFQ,exon19
EGFR,D761Y,exon19
EGFR,E746_A750del,exon19
EGFR,E746_A750del,exon19
EGFR,E746_P753delinsVS,exon19
EGFR,E746_S752delinsC,exon19
EGFR,E746_S752delinsV,exon19
EGFR,E746_S752delinsV,exon19
EGFR,E746_T751delinsA,exon19
EGFR,E746_T751delinsIP,exon19
EGFR,E746_T751delinsVA,exon19
EGFR,E758_I759delinsA,exon19
EGFR,H773_V774insAH,exon19
EGFR,L747_A750delinsP,exon19
EGFR,L747_A755delinsSHD,exon19
EGFR,L747_E749del,exon19
EGFR,L747_P753delinsS,exon19
EGFR,L747_P753delinsS,exon19
EGFR,L747_S752del,exon19
EGFR,L747_S752delinsAK,exon19
EGFR,L747_S752delinsPH,exon19
EGFR,L747_T751del,exon19
EGFR,L747_T751delinsP,exon19
EGFR,L747P,exon19
EGFR,L747S,exon19
EGFR,767_769dupASV,exon20
EGFR,768_770dupSVD,exon20
EGFR,771_773dupNPH,exon20
EGFR,A750_E758delinsP,exon20
EGFR,A763_Y764insFQEA,exon20
EGFR,A763_Y764insFQEA,exon20
EGFR,A767_S768insTVA,exon20
EGFR,C797S,exon20
EGFR,C797S,exon20
EGFR,C797S,exon20
EGFR,D770_N771insGL,exon20
EGFR,D770_N771insND,exon20
EGFR,D770_N771insSVD,exon20
EGFR,D770_N771insY,exon20
EGFR,H773_V774insGTNPH,exon20
EGFR,H773_V774insVH,exon20
EGFR,H773_V774insY,exon20
EGFR,H773dup,exon20
EGFR,H773L,exon20
EGFR,N771_P772insH,exon20
EGFR,N771_P772insT,exon20
EGFR,P772_H773insHA,exon20
EGFR,P772_H773insHNP,exon20
EGFR,P772_H773insHP,exon20
EGFR,P772_H773insQ,exon20
EGFR,S768I,exon20
EGFR,T751_E758del,exon20
EGFR,T751_I759delinsS,exon20
EGFR,T790M,exon20
EGFR,V765M,exon20
EGFR,V769_D770insASV,exon20
EGFR,V774M,exon20
EGFR,H835L,exon21
EGFR,L833V,exon21
EGFR,L858R,exon21
EGFR,L858R,exon21
EGFR,L858R,exon21
EGFR,L861Q,exon21
EGFR,L861R,exon21
EGFR,V834L,exon21
EGFR,V843I,exon21
EGFR,R108K,exon3
EGFR,R324L,exon8
EGFR,amplification,amplification
