Gene_alt,Level
ABL1_G626S,G
ALK_D1529E,G
ALK_K1491R,G
ALK_P1215P,G
ALK_R311H,G
ALK_T680I,G
APC_I2329V,G
APC_R1171C,G
APC_T1292M,G
ARID1A_V1526M,G
ASXL1_A611T,G
ATM_D1853N,G
ATM_S333F,G
ATR_R515H,G
ATRX_R907Q,G
AXL_R754H,G
AXL_V289M,G
BARD1_P24S,G
BARD1_R378S,G
BARD1_R658C,G
BARD1_V507M,G
BCOR_V137I,G
BRCA1_E597K,G
BRCA1_K1183R,G
BRCA1_M1628V,G
BRCA1_M1652I,G
BRCA1_P871L,G
BRCA1_R496H,G
BRCA1_R841W,G
BRCA2_K3326*,G
BRCA2_N289H,G
BRCA2_N372H,G
BRCA2_N991D,G
BRCA2_S3338*,G
CARD11_G1059S,G
CARD11_R1027Q,G
CARD11_R377Q,G
CARD11_R888H,G
CARD11_T670M,G
CARD11_V1128I,G
CBL_A757T,G
CCND1_P241P,G
CDH1_T340A,G
CDH1_V425I,G
CDKN2A_H66R,G
CHEK2_R137Q,G
CREBBP_S893L,G
CSF1R_R214Q,G
DDR2_G505S,G
DNMT3A_R23*,G
EGFR_R521K,G
EPHB4_V420I,G
ERBB2_A270S,G
ERBB2_G815R,G
ERBB2_I655V,G
ERBB2_P1170A,G
ERBB2_R929Q,G
ESR1_R269C,G
EZH2_D185H,G
EZH2_D192N,G
EZH2_R213C,G
FGFR2_M186T,G
FGFR4_V10I,G
FH_R87H,G
FLT3_D7G,G
FLT3_T227M,G
FLT3_V557I,G
GATA3_A396T,G
IL7R_I356V,G
IL7R_I66T,G
IL7R_T244I,G
IL7R_V138I,G
KDM6A_T726K,G
KEL_R436Q,G
KIT_M541L,G
KIT_T84M,G
KMT2A_G909D,G
KMT2D_P1232L,G
KMT2D_R4420W,G
KMT2D_R5405H,G
KRAS_R164*,G
MAP3K1_D806N,G
MAP3K1_S939C,G
MAP3K1_V906I,G
MAP3K13_I523V,G
MED12_R585Q,G
MED12_V2038I,G
MET_V378I,G
MLH1_S368L,G
MLH1_V384D,G
MSH2_R929Q,G
MSH3_P64A,G
MSH6_K1358fs*2,G
MSH6_R922Q,G
MTOR_N382S,G
MTOR_T1834M,G
MUTYH_c.892-2A>G,G
MUTYH_c.934-2A>G,G
MUTYH_R280H,G
NKX2-1_A339V,G
NOTCH1_P2417L,G
NOTCH1_R1663Q,G
NOTCH1_S137L,G
NOTCH1_T432M,G
NOTCH2_P227H,G
NOTCH2_R1260H,G
NOTCH2_V1667I,G
NOTCH3_A1775T,G
NOTCH3_R1837H,G
NOTCH3_R1893Q,G
NOTCH3_T272M,G
NTRK1_D270N,G
NTRK1_G169R,G
NTRK1_R761Q,G
PALB2_E837K,G
PALB2_Q559R,G
PDGFRA_S478P,G
PDGFRA_T440M,G
PDGFRB_R397W,G
PDGFRB_V316M,G
PMS2_R20Q,G
POLD1_R119H,G
POLE_R259H,G
PTCH1_E44G,G
PTCH1_P1315L,G
PTCH1_R1342C,G
PTCH1_T1195S,G
PTEN_A79T,G
RAD51_M1fs*8,G
RB1_E440K,G
RB1_M817I,G
RB1_R251Q,G
RB1_R621C,G
RET_A373V,G
RET_G691S,G
RNF43_R519Q,G
RNF43_R609W,G
ROS1_D1776H,G
ROS1_D2213N,G
ROS1_I537M,G
ROS1_K2228Q,G
ROS1_R167Q,G
ROS1_S2229C,G
ROS1_T145P,G
SDHA_A466T,G
SDHA_R465Q,G
SETBP1_A222T,G
SETBP1_P1130T,G
SETBP1_V1101I,G
SETD2_M1080I,G
SETD2_P1962L,G
SETD2_R472H,G
SMAD4_H92Y,G
SMO_K575M,G
STK11_F354L,G
STK11_P281L,G
TP53_D208N,G
TP53_D228Y,G
TP53_E11Q,G
TP53_H115R,G
TP53_P82L,G
TSC1_M322T,G
TSC1_P1143L,G
TSC1_R1097C,G
TSC2_A289V,G
TSC2_A583T,G
TSC2_M1721V,G
TSC2_M649V,G
TSC2_R1795C,G
TSC2_R367Q,G
TSC2_V339I,G
MDM2_L321fs*52,G